--
-- PostgreSQL database dump
--

-- Dumped from database version 9.5.0
-- Dumped by pg_dump version 9.5.0

SET statement_timeout = 0;
SET lock_timeout = 0;
SET client_encoding = 'LATIN1';
SET standard_conforming_strings = on;
SET check_function_bodies = false;
SET client_min_messages = warning;
SET row_security = off;

--
-- Name: plpgsql; Type: EXTENSION; Schema: -; Owner: 
--

CREATE EXTENSION IF NOT EXISTS plpgsql WITH SCHEMA pg_catalog;


--
-- Name: EXTENSION plpgsql; Type: COMMENT; Schema: -; Owner: 
--

COMMENT ON EXTENSION plpgsql IS 'PL/pgSQL procedural language';


SET search_path = public, pg_catalog;

SET default_tablespace = '';

SET default_with_oids = false;

--
-- Name: api_agency; Type: TABLE; Schema: public; Owner: postgres
--

CREATE TABLE api_agency (
    id integer NOT NULL,
    name character varying(60) NOT NULL,
    abbr character varying(30)
);


ALTER TABLE api_agency OWNER TO postgres;

--
-- Name: api_agency_id_seq; Type: SEQUENCE; Schema: public; Owner: postgres
--

CREATE SEQUENCE api_agency_id_seq
    START WITH 1
    INCREMENT BY 1
    NO MINVALUE
    NO MAXVALUE
    CACHE 1;


ALTER TABLE api_agency_id_seq OWNER TO postgres;

--
-- Name: api_agency_id_seq; Type: SEQUENCE OWNED BY; Schema: public; Owner: postgres
--

ALTER SEQUENCE api_agency_id_seq OWNED BY api_agency.id;


--
-- Name: api_agencyallowedfield; Type: TABLE; Schema: public; Owner: postgres
--

CREATE TABLE api_agencyallowedfield (
    id integer NOT NULL,
    agency_id integer NOT NULL,
    field_id integer NOT NULL,
    user_id integer NOT NULL
);


ALTER TABLE api_agencyallowedfield OWNER TO postgres;

--
-- Name: api_agencyallowedfield_id_seq; Type: SEQUENCE; Schema: public; Owner: postgres
--

CREATE SEQUENCE api_agencyallowedfield_id_seq
    START WITH 1
    INCREMENT BY 1
    NO MINVALUE
    NO MAXVALUE
    CACHE 1;


ALTER TABLE api_agencyallowedfield_id_seq OWNER TO postgres;

--
-- Name: api_agencyallowedfield_id_seq; Type: SEQUENCE OWNED BY; Schema: public; Owner: postgres
--

ALTER SEQUENCE api_agencyallowedfield_id_seq OWNED BY api_agencyallowedfield.id;


--
-- Name: api_field; Type: TABLE; Schema: public; Owner: postgres
--

CREATE TABLE api_field (
    id integer NOT NULL,
    name character varying(30) NOT NULL,
    "humanReadable" character varying(30) NOT NULL,
    "standardMapping" character varying(30) NOT NULL,
    description character varying(255),
    category_id integer
);


ALTER TABLE api_field OWNER TO postgres;

--
-- Name: api_field_id_seq; Type: SEQUENCE; Schema: public; Owner: postgres
--

CREATE SEQUENCE api_field_id_seq
    START WITH 1
    INCREMENT BY 1
    NO MINVALUE
    NO MAXVALUE
    CACHE 1;


ALTER TABLE api_field_id_seq OWNER TO postgres;

--
-- Name: api_field_id_seq; Type: SEQUENCE OWNED BY; Schema: public; Owner: postgres
--

ALTER SEQUENCE api_field_id_seq OWNED BY api_field.id;


--
-- Name: api_fieldcategory; Type: TABLE; Schema: public; Owner: postgres
--

CREATE TABLE api_fieldcategory (
    id integer NOT NULL,
    name character varying(30) NOT NULL
);


ALTER TABLE api_fieldcategory OWNER TO postgres;

--
-- Name: api_fieldcategory_id_seq; Type: SEQUENCE; Schema: public; Owner: postgres
--

CREATE SEQUENCE api_fieldcategory_id_seq
    START WITH 1
    INCREMENT BY 1
    NO MINVALUE
    NO MAXVALUE
    CACHE 1;


ALTER TABLE api_fieldcategory_id_seq OWNER TO postgres;

--
-- Name: api_fieldcategory_id_seq; Type: SEQUENCE OWNED BY; Schema: public; Owner: postgres
--

ALTER SEQUENCE api_fieldcategory_id_seq OWNED BY api_fieldcategory.id;


--
-- Name: api_useragency; Type: TABLE; Schema: public; Owner: postgres
--

CREATE TABLE api_useragency (
    id integer NOT NULL,
    agency_id integer NOT NULL,
    user_id integer NOT NULL
);


ALTER TABLE api_useragency OWNER TO postgres;

--
-- Name: api_useragency_id_seq; Type: SEQUENCE; Schema: public; Owner: postgres
--

CREATE SEQUENCE api_useragency_id_seq
    START WITH 1
    INCREMENT BY 1
    NO MINVALUE
    NO MAXVALUE
    CACHE 1;


ALTER TABLE api_useragency_id_seq OWNER TO postgres;

--
-- Name: api_useragency_id_seq; Type: SEQUENCE OWNED BY; Schema: public; Owner: postgres
--

ALTER SEQUENCE api_useragency_id_seq OWNED BY api_useragency.id;


--
-- Name: api_userfield; Type: TABLE; Schema: public; Owner: postgres
--

CREATE TABLE api_userfield (
    id integer NOT NULL,
    field_id integer NOT NULL,
    user_id integer NOT NULL,
    value character varying(255)
);


ALTER TABLE api_userfield OWNER TO postgres;

--
-- Name: api_userfield_id_seq; Type: SEQUENCE; Schema: public; Owner: postgres
--

CREATE SEQUENCE api_userfield_id_seq
    START WITH 1
    INCREMENT BY 1
    NO MINVALUE
    NO MAXVALUE
    CACHE 1;


ALTER TABLE api_userfield_id_seq OWNER TO postgres;

--
-- Name: api_userfield_id_seq; Type: SEQUENCE OWNED BY; Schema: public; Owner: postgres
--

ALTER SEQUENCE api_userfield_id_seq OWNED BY api_userfield.id;


--
-- Name: auth_group; Type: TABLE; Schema: public; Owner: postgres
--

CREATE TABLE auth_group (
    id integer NOT NULL,
    name character varying(80) NOT NULL
);


ALTER TABLE auth_group OWNER TO postgres;

--
-- Name: auth_group_id_seq; Type: SEQUENCE; Schema: public; Owner: postgres
--

CREATE SEQUENCE auth_group_id_seq
    START WITH 1
    INCREMENT BY 1
    NO MINVALUE
    NO MAXVALUE
    CACHE 1;


ALTER TABLE auth_group_id_seq OWNER TO postgres;

--
-- Name: auth_group_id_seq; Type: SEQUENCE OWNED BY; Schema: public; Owner: postgres
--

ALTER SEQUENCE auth_group_id_seq OWNED BY auth_group.id;


--
-- Name: auth_group_permissions; Type: TABLE; Schema: public; Owner: postgres
--

CREATE TABLE auth_group_permissions (
    id integer NOT NULL,
    group_id integer NOT NULL,
    permission_id integer NOT NULL
);


ALTER TABLE auth_group_permissions OWNER TO postgres;

--
-- Name: auth_group_permissions_id_seq; Type: SEQUENCE; Schema: public; Owner: postgres
--

CREATE SEQUENCE auth_group_permissions_id_seq
    START WITH 1
    INCREMENT BY 1
    NO MINVALUE
    NO MAXVALUE
    CACHE 1;


ALTER TABLE auth_group_permissions_id_seq OWNER TO postgres;

--
-- Name: auth_group_permissions_id_seq; Type: SEQUENCE OWNED BY; Schema: public; Owner: postgres
--

ALTER SEQUENCE auth_group_permissions_id_seq OWNED BY auth_group_permissions.id;


--
-- Name: auth_permission; Type: TABLE; Schema: public; Owner: postgres
--

CREATE TABLE auth_permission (
    id integer NOT NULL,
    name character varying(255) NOT NULL,
    content_type_id integer NOT NULL,
    codename character varying(100) NOT NULL
);


ALTER TABLE auth_permission OWNER TO postgres;

--
-- Name: auth_permission_id_seq; Type: SEQUENCE; Schema: public; Owner: postgres
--

CREATE SEQUENCE auth_permission_id_seq
    START WITH 1
    INCREMENT BY 1
    NO MINVALUE
    NO MAXVALUE
    CACHE 1;


ALTER TABLE auth_permission_id_seq OWNER TO postgres;

--
-- Name: auth_permission_id_seq; Type: SEQUENCE OWNED BY; Schema: public; Owner: postgres
--

ALTER SEQUENCE auth_permission_id_seq OWNED BY auth_permission.id;


--
-- Name: auth_user; Type: TABLE; Schema: public; Owner: postgres
--

CREATE TABLE auth_user (
    id integer NOT NULL,
    password character varying(128) NOT NULL,
    last_login timestamp with time zone,
    is_superuser boolean NOT NULL,
    username character varying(30) NOT NULL,
    first_name character varying(30) NOT NULL,
    last_name character varying(30) NOT NULL,
    email character varying(254) NOT NULL,
    is_staff boolean NOT NULL,
    is_active boolean NOT NULL,
    date_joined timestamp with time zone NOT NULL
);


ALTER TABLE auth_user OWNER TO postgres;

--
-- Name: auth_user_groups; Type: TABLE; Schema: public; Owner: postgres
--

CREATE TABLE auth_user_groups (
    id integer NOT NULL,
    user_id integer NOT NULL,
    group_id integer NOT NULL
);


ALTER TABLE auth_user_groups OWNER TO postgres;

--
-- Name: auth_user_groups_id_seq; Type: SEQUENCE; Schema: public; Owner: postgres
--

CREATE SEQUENCE auth_user_groups_id_seq
    START WITH 1
    INCREMENT BY 1
    NO MINVALUE
    NO MAXVALUE
    CACHE 1;


ALTER TABLE auth_user_groups_id_seq OWNER TO postgres;

--
-- Name: auth_user_groups_id_seq; Type: SEQUENCE OWNED BY; Schema: public; Owner: postgres
--

ALTER SEQUENCE auth_user_groups_id_seq OWNED BY auth_user_groups.id;


--
-- Name: auth_user_id_seq; Type: SEQUENCE; Schema: public; Owner: postgres
--

CREATE SEQUENCE auth_user_id_seq
    START WITH 1
    INCREMENT BY 1
    NO MINVALUE
    NO MAXVALUE
    CACHE 1;


ALTER TABLE auth_user_id_seq OWNER TO postgres;

--
-- Name: auth_user_id_seq; Type: SEQUENCE OWNED BY; Schema: public; Owner: postgres
--

ALTER SEQUENCE auth_user_id_seq OWNED BY auth_user.id;


--
-- Name: auth_user_user_permissions; Type: TABLE; Schema: public; Owner: postgres
--

CREATE TABLE auth_user_user_permissions (
    id integer NOT NULL,
    user_id integer NOT NULL,
    permission_id integer NOT NULL
);


ALTER TABLE auth_user_user_permissions OWNER TO postgres;

--
-- Name: auth_user_user_permissions_id_seq; Type: SEQUENCE; Schema: public; Owner: postgres
--

CREATE SEQUENCE auth_user_user_permissions_id_seq
    START WITH 1
    INCREMENT BY 1
    NO MINVALUE
    NO MAXVALUE
    CACHE 1;


ALTER TABLE auth_user_user_permissions_id_seq OWNER TO postgres;

--
-- Name: auth_user_user_permissions_id_seq; Type: SEQUENCE OWNED BY; Schema: public; Owner: postgres
--

ALTER SEQUENCE auth_user_user_permissions_id_seq OWNED BY auth_user_user_permissions.id;


--
-- Name: django_admin_log; Type: TABLE; Schema: public; Owner: postgres
--

CREATE TABLE django_admin_log (
    id integer NOT NULL,
    action_time timestamp with time zone NOT NULL,
    object_id text,
    object_repr character varying(200) NOT NULL,
    action_flag smallint NOT NULL,
    change_message text NOT NULL,
    content_type_id integer,
    user_id integer NOT NULL,
    CONSTRAINT django_admin_log_action_flag_check CHECK ((action_flag >= 0))
);


ALTER TABLE django_admin_log OWNER TO postgres;

--
-- Name: django_admin_log_id_seq; Type: SEQUENCE; Schema: public; Owner: postgres
--

CREATE SEQUENCE django_admin_log_id_seq
    START WITH 1
    INCREMENT BY 1
    NO MINVALUE
    NO MAXVALUE
    CACHE 1;


ALTER TABLE django_admin_log_id_seq OWNER TO postgres;

--
-- Name: django_admin_log_id_seq; Type: SEQUENCE OWNED BY; Schema: public; Owner: postgres
--

ALTER SEQUENCE django_admin_log_id_seq OWNED BY django_admin_log.id;


--
-- Name: django_content_type; Type: TABLE; Schema: public; Owner: postgres
--

CREATE TABLE django_content_type (
    id integer NOT NULL,
    app_label character varying(100) NOT NULL,
    model character varying(100) NOT NULL
);


ALTER TABLE django_content_type OWNER TO postgres;

--
-- Name: django_content_type_id_seq; Type: SEQUENCE; Schema: public; Owner: postgres
--

CREATE SEQUENCE django_content_type_id_seq
    START WITH 1
    INCREMENT BY 1
    NO MINVALUE
    NO MAXVALUE
    CACHE 1;


ALTER TABLE django_content_type_id_seq OWNER TO postgres;

--
-- Name: django_content_type_id_seq; Type: SEQUENCE OWNED BY; Schema: public; Owner: postgres
--

ALTER SEQUENCE django_content_type_id_seq OWNED BY django_content_type.id;


--
-- Name: django_migrations; Type: TABLE; Schema: public; Owner: postgres
--

CREATE TABLE django_migrations (
    id integer NOT NULL,
    app character varying(255) NOT NULL,
    name character varying(255) NOT NULL,
    applied timestamp with time zone NOT NULL
);


ALTER TABLE django_migrations OWNER TO postgres;

--
-- Name: django_migrations_id_seq; Type: SEQUENCE; Schema: public; Owner: postgres
--

CREATE SEQUENCE django_migrations_id_seq
    START WITH 1
    INCREMENT BY 1
    NO MINVALUE
    NO MAXVALUE
    CACHE 1;


ALTER TABLE django_migrations_id_seq OWNER TO postgres;

--
-- Name: django_migrations_id_seq; Type: SEQUENCE OWNED BY; Schema: public; Owner: postgres
--

ALTER SEQUENCE django_migrations_id_seq OWNED BY django_migrations.id;


--
-- Name: django_session; Type: TABLE; Schema: public; Owner: postgres
--

CREATE TABLE django_session (
    session_key character varying(40) NOT NULL,
    session_data text NOT NULL,
    expire_date timestamp with time zone NOT NULL
);


ALTER TABLE django_session OWNER TO postgres;

--
-- Name: tracking; Type: TABLE; Schema: public; Owner: postgres
--

CREATE TABLE tracking (
    session_id character varying(80),
    query_id integer,
    selection_id integer,
    type character varying(64),
    date timestamp without time zone,
    selection_title character varying(1000),
    query_title character varying(1000),
    value character varying(512)
);


ALTER TABLE tracking OWNER TO postgres;

--
-- Name: id; Type: DEFAULT; Schema: public; Owner: postgres
--

ALTER TABLE ONLY api_agency ALTER COLUMN id SET DEFAULT nextval('api_agency_id_seq'::regclass);


--
-- Name: id; Type: DEFAULT; Schema: public; Owner: postgres
--

ALTER TABLE ONLY api_agencyallowedfield ALTER COLUMN id SET DEFAULT nextval('api_agencyallowedfield_id_seq'::regclass);


--
-- Name: id; Type: DEFAULT; Schema: public; Owner: postgres
--

ALTER TABLE ONLY api_field ALTER COLUMN id SET DEFAULT nextval('api_field_id_seq'::regclass);


--
-- Name: id; Type: DEFAULT; Schema: public; Owner: postgres
--

ALTER TABLE ONLY api_fieldcategory ALTER COLUMN id SET DEFAULT nextval('api_fieldcategory_id_seq'::regclass);


--
-- Name: id; Type: DEFAULT; Schema: public; Owner: postgres
--

ALTER TABLE ONLY api_useragency ALTER COLUMN id SET DEFAULT nextval('api_useragency_id_seq'::regclass);


--
-- Name: id; Type: DEFAULT; Schema: public; Owner: postgres
--

ALTER TABLE ONLY api_userfield ALTER COLUMN id SET DEFAULT nextval('api_userfield_id_seq'::regclass);


--
-- Name: id; Type: DEFAULT; Schema: public; Owner: postgres
--

ALTER TABLE ONLY auth_group ALTER COLUMN id SET DEFAULT nextval('auth_group_id_seq'::regclass);


--
-- Name: id; Type: DEFAULT; Schema: public; Owner: postgres
--

ALTER TABLE ONLY auth_group_permissions ALTER COLUMN id SET DEFAULT nextval('auth_group_permissions_id_seq'::regclass);


--
-- Name: id; Type: DEFAULT; Schema: public; Owner: postgres
--

ALTER TABLE ONLY auth_permission ALTER COLUMN id SET DEFAULT nextval('auth_permission_id_seq'::regclass);


--
-- Name: id; Type: DEFAULT; Schema: public; Owner: postgres
--

ALTER TABLE ONLY auth_user ALTER COLUMN id SET DEFAULT nextval('auth_user_id_seq'::regclass);


--
-- Name: id; Type: DEFAULT; Schema: public; Owner: postgres
--

ALTER TABLE ONLY auth_user_groups ALTER COLUMN id SET DEFAULT nextval('auth_user_groups_id_seq'::regclass);


--
-- Name: id; Type: DEFAULT; Schema: public; Owner: postgres
--

ALTER TABLE ONLY auth_user_user_permissions ALTER COLUMN id SET DEFAULT nextval('auth_user_user_permissions_id_seq'::regclass);


--
-- Name: id; Type: DEFAULT; Schema: public; Owner: postgres
--

ALTER TABLE ONLY django_admin_log ALTER COLUMN id SET DEFAULT nextval('django_admin_log_id_seq'::regclass);


--
-- Name: id; Type: DEFAULT; Schema: public; Owner: postgres
--

ALTER TABLE ONLY django_content_type ALTER COLUMN id SET DEFAULT nextval('django_content_type_id_seq'::regclass);


--
-- Name: id; Type: DEFAULT; Schema: public; Owner: postgres
--

ALTER TABLE ONLY django_migrations ALTER COLUMN id SET DEFAULT nextval('django_migrations_id_seq'::regclass);


--
-- Data for Name: api_agency; Type: TABLE DATA; Schema: public; Owner: postgres
--

COPY api_agency (id, name, abbr) FROM stdin;
1	Transport and main roads	DTMR
2	Queensland Police Service	QPS
3	Department of Agriculture and Food	DAF
4	Department of Communities	DCCSDS
5	Department of National Parks, Sports and Recreation	DNSPR
6	DJAGDepartment of Justice and Attorney General	DJAG
7	Department of Education	DJAG
8	Department of Natural Resource Management	DNRM
9	Queensland Treasury	QT
10	Department of Housing and Public Works	DHPW
\.


--
-- Name: api_agency_id_seq; Type: SEQUENCE SET; Schema: public; Owner: postgres
--

SELECT pg_catalog.setval('api_agency_id_seq', 10, true);


--
-- Data for Name: api_agencyallowedfield; Type: TABLE DATA; Schema: public; Owner: postgres
--

COPY api_agencyallowedfield (id, agency_id, field_id, user_id) FROM stdin;
\.


--
-- Name: api_agencyallowedfield_id_seq; Type: SEQUENCE SET; Schema: public; Owner: postgres
--

SELECT pg_catalog.setval('api_agencyallowedfield_id_seq', 1, false);


--
-- Data for Name: api_field; Type: TABLE DATA; Schema: public; Owner: postgres
--

COPY api_field (id, name, "humanReadable", "standardMapping", description, category_id) FROM stdin;
1	familyName	Family name	Family name	\N	1
2	givenName	Given name	Given name	\N	1
10	birthDate	Birth date	Birth date	\N	1
17	preferredName	Preferred name	Preferred name	\N	1
18	previousName	Previous name	Previous name	\N	1
3	unitNumber	Unit number	Lot Number	Show as small form field	5
4	streetNumber	Number	Road number 1	Show as small form field	5
5	streetName	Street name	Road name	\N	5
6	streetType	Street type	Road Type Code	\N	5
7	suburb	Suburb	Locality Name	\N	5
8	state	State	State or Territory Code	\N	5
9	postCode	Postcode	Postcode	\N	5
11	phoneNumber	Phone number	Telephone Number	\N	3
12	email	Email	Email	\N	3
13	driversLicenceNo	Drivers licence number	Drivers licence number	\N	1
14	taxFileNumber	Tax File Number	TFN	\N	1
15	medicareNumber	Medicare Number	Medicare	\N	1
16	passportNumber	Passport Number	Passport Number	\N	1
\.


--
-- Name: api_field_id_seq; Type: SEQUENCE SET; Schema: public; Owner: postgres
--

SELECT pg_catalog.setval('api_field_id_seq', 18, true);


--
-- Data for Name: api_fieldcategory; Type: TABLE DATA; Schema: public; Owner: postgres
--

COPY api_fieldcategory (id, name) FROM stdin;
1	Personal information
2	Family
3	Contact
4	Payment
5	Address
\.


--
-- Name: api_fieldcategory_id_seq; Type: SEQUENCE SET; Schema: public; Owner: postgres
--

SELECT pg_catalog.setval('api_fieldcategory_id_seq', 5, true);


--
-- Data for Name: api_useragency; Type: TABLE DATA; Schema: public; Owner: postgres
--

COPY api_useragency (id, agency_id, user_id) FROM stdin;
\.


--
-- Name: api_useragency_id_seq; Type: SEQUENCE SET; Schema: public; Owner: postgres
--

SELECT pg_catalog.setval('api_useragency_id_seq', 1, false);


--
-- Data for Name: api_userfield; Type: TABLE DATA; Schema: public; Owner: postgres
--

COPY api_userfield (id, field_id, user_id, value) FROM stdin;
\.


--
-- Name: api_userfield_id_seq; Type: SEQUENCE SET; Schema: public; Owner: postgres
--

SELECT pg_catalog.setval('api_userfield_id_seq', 1, false);


--
-- Data for Name: auth_group; Type: TABLE DATA; Schema: public; Owner: postgres
--

COPY auth_group (id, name) FROM stdin;
\.


--
-- Name: auth_group_id_seq; Type: SEQUENCE SET; Schema: public; Owner: postgres
--

SELECT pg_catalog.setval('auth_group_id_seq', 1, false);


--
-- Data for Name: auth_group_permissions; Type: TABLE DATA; Schema: public; Owner: postgres
--

COPY auth_group_permissions (id, group_id, permission_id) FROM stdin;
\.


--
-- Name: auth_group_permissions_id_seq; Type: SEQUENCE SET; Schema: public; Owner: postgres
--

SELECT pg_catalog.setval('auth_group_permissions_id_seq', 1, false);


--
-- Data for Name: auth_permission; Type: TABLE DATA; Schema: public; Owner: postgres
--

COPY auth_permission (id, name, content_type_id, codename) FROM stdin;
1	Can add log entry	1	add_logentry
2	Can change log entry	1	change_logentry
3	Can delete log entry	1	delete_logentry
4	Can add permission	2	add_permission
5	Can change permission	2	change_permission
6	Can delete permission	2	delete_permission
7	Can add group	3	add_group
8	Can change group	3	change_group
9	Can delete group	3	delete_group
10	Can add user	4	add_user
11	Can change user	4	change_user
12	Can delete user	4	delete_user
13	Can add content type	5	add_contenttype
14	Can change content type	5	change_contenttype
15	Can delete content type	5	delete_contenttype
16	Can add session	6	add_session
17	Can change session	6	change_session
18	Can delete session	6	delete_session
19	Can add cors model	7	add_corsmodel
20	Can change cors model	7	change_corsmodel
21	Can delete cors model	7	delete_corsmodel
22	Can add agency	8	add_agency
23	Can change agency	8	change_agency
24	Can delete agency	8	delete_agency
25	Can add field	9	add_field
26	Can change field	9	change_field
27	Can delete field	9	delete_field
28	Can add agency allowed field	10	add_agencyallowedfield
29	Can change agency allowed field	10	change_agencyallowedfield
30	Can delete agency allowed field	10	delete_agencyallowedfield
31	Can add field category	11	add_fieldcategory
32	Can change field category	11	change_fieldcategory
33	Can delete field category	11	delete_fieldcategory
34	Can add user field	12	add_userfield
35	Can change user field	12	change_userfield
36	Can delete user field	12	delete_userfield
37	Can add user agency	13	add_useragency
38	Can change user agency	13	change_useragency
39	Can delete user agency	13	delete_useragency
\.


--
-- Name: auth_permission_id_seq; Type: SEQUENCE SET; Schema: public; Owner: postgres
--

SELECT pg_catalog.setval('auth_permission_id_seq', 39, true);


--
-- Data for Name: auth_user; Type: TABLE DATA; Schema: public; Owner: postgres
--

COPY auth_user (id, password, last_login, is_superuser, username, first_name, last_name, email, is_staff, is_active, date_joined) FROM stdin;
2	pbkdf2_sha256$24000$sNK2Gyiq4uyk$JPjfVL6pGKIyIu1K89oRf0GDxodyUwzSk4i8VjGHyCU=	\N	t	damien				t	t	2016-04-04 23:43:23+00
1	pbkdf2_sha256$24000$Iz7uYUWeotU2$SDz2ub43PaQP5ERrt2GyHNL6tVV/khsuqCn4lYM/Hig=	2016-04-05 03:55:49.496667+00	t	steve	Steve	Anderson	sanderson@liquidinteractive.com.au	t	t	2016-04-04 23:32:40+00
\.


--
-- Data for Name: auth_user_groups; Type: TABLE DATA; Schema: public; Owner: postgres
--

COPY auth_user_groups (id, user_id, group_id) FROM stdin;
\.


--
-- Name: auth_user_groups_id_seq; Type: SEQUENCE SET; Schema: public; Owner: postgres
--

SELECT pg_catalog.setval('auth_user_groups_id_seq', 1, false);


--
-- Name: auth_user_id_seq; Type: SEQUENCE SET; Schema: public; Owner: postgres
--

SELECT pg_catalog.setval('auth_user_id_seq', 2, true);


--
-- Data for Name: auth_user_user_permissions; Type: TABLE DATA; Schema: public; Owner: postgres
--

COPY auth_user_user_permissions (id, user_id, permission_id) FROM stdin;
\.


--
-- Name: auth_user_user_permissions_id_seq; Type: SEQUENCE SET; Schema: public; Owner: postgres
--

SELECT pg_catalog.setval('auth_user_user_permissions_id_seq', 1, false);


--
-- Data for Name: django_admin_log; Type: TABLE DATA; Schema: public; Owner: postgres
--

COPY django_admin_log (id, action_time, object_id, object_repr, action_flag, change_message, content_type_id, user_id) FROM stdin;
1	2016-04-04 23:39:35.412266+00	1	steve	2	Changed first_name and last_name.	4	1
2	2016-04-04 23:43:23.698841+00	2	damien	1	Added.	4	1
3	2016-04-04 23:43:35.402047+00	2	damien	2	Changed is_staff and is_superuser.	4	1
\.


--
-- Name: django_admin_log_id_seq; Type: SEQUENCE SET; Schema: public; Owner: postgres
--

SELECT pg_catalog.setval('django_admin_log_id_seq', 3, true);


--
-- Data for Name: django_content_type; Type: TABLE DATA; Schema: public; Owner: postgres
--

COPY django_content_type (id, app_label, model) FROM stdin;
1	admin	logentry
2	auth	permission
3	auth	group
4	auth	user
5	contenttypes	contenttype
6	sessions	session
7	corsheaders	corsmodel
8	api	agency
9	api	field
10	api	agencyallowedfield
11	api	fieldcategory
12	api	userfield
13	api	useragency
\.


--
-- Name: django_content_type_id_seq; Type: SEQUENCE SET; Schema: public; Owner: postgres
--

SELECT pg_catalog.setval('django_content_type_id_seq', 13, true);


--
-- Data for Name: django_migrations; Type: TABLE DATA; Schema: public; Owner: postgres
--

COPY django_migrations (id, app, name, applied) FROM stdin;
1	contenttypes	0001_initial	2016-04-04 23:30:37.150773+00
2	auth	0001_initial	2016-04-04 23:30:37.354958+00
3	admin	0001_initial	2016-04-04 23:30:37.443096+00
4	admin	0002_logentry_remove_auto_add	2016-04-04 23:30:37.499086+00
5	contenttypes	0002_remove_content_type_name	2016-04-04 23:30:37.607977+00
6	auth	0002_alter_permission_name_max_length	2016-04-04 23:30:37.650508+00
7	auth	0003_alter_user_email_max_length	2016-04-04 23:30:37.694005+00
8	auth	0004_alter_user_username_opts	2016-04-04 23:30:37.760321+00
9	auth	0005_alter_user_last_login_null	2016-04-04 23:30:37.816515+00
10	auth	0006_require_contenttypes_0002	2016-04-04 23:30:37.822489+00
11	auth	0007_alter_validators_add_error_messages	2016-04-04 23:30:37.864577+00
12	sessions	0001_initial	2016-04-04 23:30:37.915154+00
13	api	0001_initial	2016-04-05 03:55:14.434362+00
17	api	0002_field	2016-04-05 04:13:47.697107+00
18	api	0003_auto_20160405_0415	2016-04-05 04:15:06.243006+00
19	api	0004_agencyallowedfield	2016-04-05 04:24:58.891583+00
20	api	0005_agency_hash	2016-04-05 04:51:31.431932+00
21	api	0006_remove_agency_hash	2016-04-05 04:52:10.928653+00
22	api	0007_field_category	2016-04-06 00:32:56.209654+00
23	api	0008_auto_20160406_0411	2016-04-06 04:12:04.793125+00
24	api	0009_userfield	2016-04-06 05:26:58.364778+00
25	api	0010_userfield_value	2016-04-06 05:37:59.694743+00
26	api	0011_useragency	2016-04-07 03:49:06.549969+00
27	api	0012_agency_abbr	2016-04-13 01:59:52.019658+00
28	api	0013_auto_20160413_0202	2016-04-13 02:02:47.669163+00
\.


--
-- Name: django_migrations_id_seq; Type: SEQUENCE SET; Schema: public; Owner: postgres
--

SELECT pg_catalog.setval('django_migrations_id_seq', 28, true);


--
-- Data for Name: django_session; Type: TABLE DATA; Schema: public; Owner: postgres
--

COPY django_session (session_key, session_data, expire_date) FROM stdin;
pfys8j186m3b9c77ydt5y5f4s8rnk7zb	MjI1ZGJiZDNhNmIzZWE2NGUyMDdlZWI1NzA5YWE1YTkyNGIzYjUwMjp7Il9hdXRoX3VzZXJfaGFzaCI6IjBlODczMzdlNzQyZGRmMjhmNjhiZWQyZjM0YjllZWI4MTI0YmVkM2EiLCJfYXV0aF91c2VyX2JhY2tlbmQiOiJkamFuZ28uY29udHJpYi5hdXRoLmJhY2tlbmRzLk1vZGVsQmFja2VuZCIsIl9hdXRoX3VzZXJfaWQiOiIxIn0=	2016-04-19 03:55:49.514442+00
\.


--
-- Data for Name: tracking; Type: TABLE DATA; Schema: public; Owner: postgres
--

COPY tracking (session_id, query_id, selection_id, type, date, selection_title, query_title, value) FROM stdin;
\.


--
-- Name: api_agency_pkey; Type: CONSTRAINT; Schema: public; Owner: postgres
--

ALTER TABLE ONLY api_agency
    ADD CONSTRAINT api_agency_pkey PRIMARY KEY (id);


--
-- Name: api_agencyallowedfield_pkey; Type: CONSTRAINT; Schema: public; Owner: postgres
--

ALTER TABLE ONLY api_agencyallowedfield
    ADD CONSTRAINT api_agencyallowedfield_pkey PRIMARY KEY (id);


--
-- Name: api_field_pkey; Type: CONSTRAINT; Schema: public; Owner: postgres
--

ALTER TABLE ONLY api_field
    ADD CONSTRAINT api_field_pkey PRIMARY KEY (id);


--
-- Name: api_fieldcategory_pkey; Type: CONSTRAINT; Schema: public; Owner: postgres
--

ALTER TABLE ONLY api_fieldcategory
    ADD CONSTRAINT api_fieldcategory_pkey PRIMARY KEY (id);


--
-- Name: api_useragency_pkey; Type: CONSTRAINT; Schema: public; Owner: postgres
--

ALTER TABLE ONLY api_useragency
    ADD CONSTRAINT api_useragency_pkey PRIMARY KEY (id);


--
-- Name: api_userfield_pkey; Type: CONSTRAINT; Schema: public; Owner: postgres
--

ALTER TABLE ONLY api_userfield
    ADD CONSTRAINT api_userfield_pkey PRIMARY KEY (id);


--
-- Name: auth_group_name_key; Type: CONSTRAINT; Schema: public; Owner: postgres
--

ALTER TABLE ONLY auth_group
    ADD CONSTRAINT auth_group_name_key UNIQUE (name);


--
-- Name: auth_group_permissions_group_id_0cd325b0_uniq; Type: CONSTRAINT; Schema: public; Owner: postgres
--

ALTER TABLE ONLY auth_group_permissions
    ADD CONSTRAINT auth_group_permissions_group_id_0cd325b0_uniq UNIQUE (group_id, permission_id);


--
-- Name: auth_group_permissions_pkey; Type: CONSTRAINT; Schema: public; Owner: postgres
--

ALTER TABLE ONLY auth_group_permissions
    ADD CONSTRAINT auth_group_permissions_pkey PRIMARY KEY (id);


--
-- Name: auth_group_pkey; Type: CONSTRAINT; Schema: public; Owner: postgres
--

ALTER TABLE ONLY auth_group
    ADD CONSTRAINT auth_group_pkey PRIMARY KEY (id);


--
-- Name: auth_permission_content_type_id_01ab375a_uniq; Type: CONSTRAINT; Schema: public; Owner: postgres
--

ALTER TABLE ONLY auth_permission
    ADD CONSTRAINT auth_permission_content_type_id_01ab375a_uniq UNIQUE (content_type_id, codename);


--
-- Name: auth_permission_pkey; Type: CONSTRAINT; Schema: public; Owner: postgres
--

ALTER TABLE ONLY auth_permission
    ADD CONSTRAINT auth_permission_pkey PRIMARY KEY (id);


--
-- Name: auth_user_groups_pkey; Type: CONSTRAINT; Schema: public; Owner: postgres
--

ALTER TABLE ONLY auth_user_groups
    ADD CONSTRAINT auth_user_groups_pkey PRIMARY KEY (id);


--
-- Name: auth_user_groups_user_id_94350c0c_uniq; Type: CONSTRAINT; Schema: public; Owner: postgres
--

ALTER TABLE ONLY auth_user_groups
    ADD CONSTRAINT auth_user_groups_user_id_94350c0c_uniq UNIQUE (user_id, group_id);


--
-- Name: auth_user_pkey; Type: CONSTRAINT; Schema: public; Owner: postgres
--

ALTER TABLE ONLY auth_user
    ADD CONSTRAINT auth_user_pkey PRIMARY KEY (id);


--
-- Name: auth_user_user_permissions_pkey; Type: CONSTRAINT; Schema: public; Owner: postgres
--

ALTER TABLE ONLY auth_user_user_permissions
    ADD CONSTRAINT auth_user_user_permissions_pkey PRIMARY KEY (id);


--
-- Name: auth_user_user_permissions_user_id_14a6b632_uniq; Type: CONSTRAINT; Schema: public; Owner: postgres
--

ALTER TABLE ONLY auth_user_user_permissions
    ADD CONSTRAINT auth_user_user_permissions_user_id_14a6b632_uniq UNIQUE (user_id, permission_id);


--
-- Name: auth_user_username_key; Type: CONSTRAINT; Schema: public; Owner: postgres
--

ALTER TABLE ONLY auth_user
    ADD CONSTRAINT auth_user_username_key UNIQUE (username);


--
-- Name: django_admin_log_pkey; Type: CONSTRAINT; Schema: public; Owner: postgres
--

ALTER TABLE ONLY django_admin_log
    ADD CONSTRAINT django_admin_log_pkey PRIMARY KEY (id);


--
-- Name: django_content_type_app_label_76bd3d3b_uniq; Type: CONSTRAINT; Schema: public; Owner: postgres
--

ALTER TABLE ONLY django_content_type
    ADD CONSTRAINT django_content_type_app_label_76bd3d3b_uniq UNIQUE (app_label, model);


--
-- Name: django_content_type_pkey; Type: CONSTRAINT; Schema: public; Owner: postgres
--

ALTER TABLE ONLY django_content_type
    ADD CONSTRAINT django_content_type_pkey PRIMARY KEY (id);


--
-- Name: django_migrations_pkey; Type: CONSTRAINT; Schema: public; Owner: postgres
--

ALTER TABLE ONLY django_migrations
    ADD CONSTRAINT django_migrations_pkey PRIMARY KEY (id);


--
-- Name: django_session_pkey; Type: CONSTRAINT; Schema: public; Owner: postgres
--

ALTER TABLE ONLY django_session
    ADD CONSTRAINT django_session_pkey PRIMARY KEY (session_key);


--
-- Name: api_agencyallowedfield_169fc544; Type: INDEX; Schema: public; Owner: postgres
--

CREATE INDEX api_agencyallowedfield_169fc544 ON api_agencyallowedfield USING btree (agency_id);


--
-- Name: api_agencyallowedfield_3aabf39f; Type: INDEX; Schema: public; Owner: postgres
--

CREATE INDEX api_agencyallowedfield_3aabf39f ON api_agencyallowedfield USING btree (field_id);


--
-- Name: api_agencyallowedfield_e8701ad4; Type: INDEX; Schema: public; Owner: postgres
--

CREATE INDEX api_agencyallowedfield_e8701ad4 ON api_agencyallowedfield USING btree (user_id);


--
-- Name: api_field_category_id_94f0a7af_uniq; Type: INDEX; Schema: public; Owner: postgres
--

CREATE INDEX api_field_category_id_94f0a7af_uniq ON api_field USING btree (category_id);


--
-- Name: api_useragency_169fc544; Type: INDEX; Schema: public; Owner: postgres
--

CREATE INDEX api_useragency_169fc544 ON api_useragency USING btree (agency_id);


--
-- Name: api_useragency_e8701ad4; Type: INDEX; Schema: public; Owner: postgres
--

CREATE INDEX api_useragency_e8701ad4 ON api_useragency USING btree (user_id);


--
-- Name: api_userfield_3aabf39f; Type: INDEX; Schema: public; Owner: postgres
--

CREATE INDEX api_userfield_3aabf39f ON api_userfield USING btree (field_id);


--
-- Name: api_userfield_e8701ad4; Type: INDEX; Schema: public; Owner: postgres
--

CREATE INDEX api_userfield_e8701ad4 ON api_userfield USING btree (user_id);


--
-- Name: auth_group_name_a6ea08ec_like; Type: INDEX; Schema: public; Owner: postgres
--

CREATE INDEX auth_group_name_a6ea08ec_like ON auth_group USING btree (name varchar_pattern_ops);


--
-- Name: auth_group_permissions_0e939a4f; Type: INDEX; Schema: public; Owner: postgres
--

CREATE INDEX auth_group_permissions_0e939a4f ON auth_group_permissions USING btree (group_id);


--
-- Name: auth_group_permissions_8373b171; Type: INDEX; Schema: public; Owner: postgres
--

CREATE INDEX auth_group_permissions_8373b171 ON auth_group_permissions USING btree (permission_id);


--
-- Name: auth_permission_417f1b1c; Type: INDEX; Schema: public; Owner: postgres
--

CREATE INDEX auth_permission_417f1b1c ON auth_permission USING btree (content_type_id);


--
-- Name: auth_user_groups_0e939a4f; Type: INDEX; Schema: public; Owner: postgres
--

CREATE INDEX auth_user_groups_0e939a4f ON auth_user_groups USING btree (group_id);


--
-- Name: auth_user_groups_e8701ad4; Type: INDEX; Schema: public; Owner: postgres
--

CREATE INDEX auth_user_groups_e8701ad4 ON auth_user_groups USING btree (user_id);


--
-- Name: auth_user_user_permissions_8373b171; Type: INDEX; Schema: public; Owner: postgres
--

CREATE INDEX auth_user_user_permissions_8373b171 ON auth_user_user_permissions USING btree (permission_id);


--
-- Name: auth_user_user_permissions_e8701ad4; Type: INDEX; Schema: public; Owner: postgres
--

CREATE INDEX auth_user_user_permissions_e8701ad4 ON auth_user_user_permissions USING btree (user_id);


--
-- Name: auth_user_username_6821ab7c_like; Type: INDEX; Schema: public; Owner: postgres
--

CREATE INDEX auth_user_username_6821ab7c_like ON auth_user USING btree (username varchar_pattern_ops);


--
-- Name: django_admin_log_417f1b1c; Type: INDEX; Schema: public; Owner: postgres
--

CREATE INDEX django_admin_log_417f1b1c ON django_admin_log USING btree (content_type_id);


--
-- Name: django_admin_log_e8701ad4; Type: INDEX; Schema: public; Owner: postgres
--

CREATE INDEX django_admin_log_e8701ad4 ON django_admin_log USING btree (user_id);


--
-- Name: django_session_de54fa62; Type: INDEX; Schema: public; Owner: postgres
--

CREATE INDEX django_session_de54fa62 ON django_session USING btree (expire_date);


--
-- Name: django_session_session_key_c0390e0f_like; Type: INDEX; Schema: public; Owner: postgres
--

CREATE INDEX django_session_session_key_c0390e0f_like ON django_session USING btree (session_key varchar_pattern_ops);


--
-- Name: api_agencyallowedfield_agency_id_829d641e_fk_api_agency_id; Type: FK CONSTRAINT; Schema: public; Owner: postgres
--

ALTER TABLE ONLY api_agencyallowedfield
    ADD CONSTRAINT api_agencyallowedfield_agency_id_829d641e_fk_api_agency_id FOREIGN KEY (agency_id) REFERENCES api_agency(id) DEFERRABLE INITIALLY DEFERRED;


--
-- Name: api_agencyallowedfield_field_id_44a1eade_fk_api_field_id; Type: FK CONSTRAINT; Schema: public; Owner: postgres
--

ALTER TABLE ONLY api_agencyallowedfield
    ADD CONSTRAINT api_agencyallowedfield_field_id_44a1eade_fk_api_field_id FOREIGN KEY (field_id) REFERENCES api_field(id) DEFERRABLE INITIALLY DEFERRED;


--
-- Name: api_agencyallowedfield_user_id_21224681_fk_auth_user_id; Type: FK CONSTRAINT; Schema: public; Owner: postgres
--

ALTER TABLE ONLY api_agencyallowedfield
    ADD CONSTRAINT api_agencyallowedfield_user_id_21224681_fk_auth_user_id FOREIGN KEY (user_id) REFERENCES auth_user(id) DEFERRABLE INITIALLY DEFERRED;


--
-- Name: api_field_category_id_94f0a7af_fk_api_fieldcategory_id; Type: FK CONSTRAINT; Schema: public; Owner: postgres
--

ALTER TABLE ONLY api_field
    ADD CONSTRAINT api_field_category_id_94f0a7af_fk_api_fieldcategory_id FOREIGN KEY (category_id) REFERENCES api_fieldcategory(id) DEFERRABLE INITIALLY DEFERRED;


--
-- Name: api_useragency_agency_id_91e504e3_fk_api_agency_id; Type: FK CONSTRAINT; Schema: public; Owner: postgres
--

ALTER TABLE ONLY api_useragency
    ADD CONSTRAINT api_useragency_agency_id_91e504e3_fk_api_agency_id FOREIGN KEY (agency_id) REFERENCES api_agency(id) DEFERRABLE INITIALLY DEFERRED;


--
-- Name: api_useragency_user_id_8518aa98_fk_auth_user_id; Type: FK CONSTRAINT; Schema: public; Owner: postgres
--

ALTER TABLE ONLY api_useragency
    ADD CONSTRAINT api_useragency_user_id_8518aa98_fk_auth_user_id FOREIGN KEY (user_id) REFERENCES auth_user(id) DEFERRABLE INITIALLY DEFERRED;


--
-- Name: api_userfield_field_id_b19975d6_fk_api_field_id; Type: FK CONSTRAINT; Schema: public; Owner: postgres
--

ALTER TABLE ONLY api_userfield
    ADD CONSTRAINT api_userfield_field_id_b19975d6_fk_api_field_id FOREIGN KEY (field_id) REFERENCES api_field(id) DEFERRABLE INITIALLY DEFERRED;


--
-- Name: api_userfield_user_id_21950ed1_fk_auth_user_id; Type: FK CONSTRAINT; Schema: public; Owner: postgres
--

ALTER TABLE ONLY api_userfield
    ADD CONSTRAINT api_userfield_user_id_21950ed1_fk_auth_user_id FOREIGN KEY (user_id) REFERENCES auth_user(id) DEFERRABLE INITIALLY DEFERRED;


--
-- Name: auth_group_permiss_permission_id_84c5c92e_fk_auth_permission_id; Type: FK CONSTRAINT; Schema: public; Owner: postgres
--

ALTER TABLE ONLY auth_group_permissions
    ADD CONSTRAINT auth_group_permiss_permission_id_84c5c92e_fk_auth_permission_id FOREIGN KEY (permission_id) REFERENCES auth_permission(id) DEFERRABLE INITIALLY DEFERRED;


--
-- Name: auth_group_permissions_group_id_b120cbf9_fk_auth_group_id; Type: FK CONSTRAINT; Schema: public; Owner: postgres
--

ALTER TABLE ONLY auth_group_permissions
    ADD CONSTRAINT auth_group_permissions_group_id_b120cbf9_fk_auth_group_id FOREIGN KEY (group_id) REFERENCES auth_group(id) DEFERRABLE INITIALLY DEFERRED;


--
-- Name: auth_permiss_content_type_id_2f476e4b_fk_django_content_type_id; Type: FK CONSTRAINT; Schema: public; Owner: postgres
--

ALTER TABLE ONLY auth_permission
    ADD CONSTRAINT auth_permiss_content_type_id_2f476e4b_fk_django_content_type_id FOREIGN KEY (content_type_id) REFERENCES django_content_type(id) DEFERRABLE INITIALLY DEFERRED;


--
-- Name: auth_user_groups_group_id_97559544_fk_auth_group_id; Type: FK CONSTRAINT; Schema: public; Owner: postgres
--

ALTER TABLE ONLY auth_user_groups
    ADD CONSTRAINT auth_user_groups_group_id_97559544_fk_auth_group_id FOREIGN KEY (group_id) REFERENCES auth_group(id) DEFERRABLE INITIALLY DEFERRED;


--
-- Name: auth_user_groups_user_id_6a12ed8b_fk_auth_user_id; Type: FK CONSTRAINT; Schema: public; Owner: postgres
--

ALTER TABLE ONLY auth_user_groups
    ADD CONSTRAINT auth_user_groups_user_id_6a12ed8b_fk_auth_user_id FOREIGN KEY (user_id) REFERENCES auth_user(id) DEFERRABLE INITIALLY DEFERRED;


--
-- Name: auth_user_user_per_permission_id_1fbb5f2c_fk_auth_permission_id; Type: FK CONSTRAINT; Schema: public; Owner: postgres
--

ALTER TABLE ONLY auth_user_user_permissions
    ADD CONSTRAINT auth_user_user_per_permission_id_1fbb5f2c_fk_auth_permission_id FOREIGN KEY (permission_id) REFERENCES auth_permission(id) DEFERRABLE INITIALLY DEFERRED;


--
-- Name: auth_user_user_permissions_user_id_a95ead1b_fk_auth_user_id; Type: FK CONSTRAINT; Schema: public; Owner: postgres
--

ALTER TABLE ONLY auth_user_user_permissions
    ADD CONSTRAINT auth_user_user_permissions_user_id_a95ead1b_fk_auth_user_id FOREIGN KEY (user_id) REFERENCES auth_user(id) DEFERRABLE INITIALLY DEFERRED;


--
-- Name: django_admin_content_type_id_c4bce8eb_fk_django_content_type_id; Type: FK CONSTRAINT; Schema: public; Owner: postgres
--

ALTER TABLE ONLY django_admin_log
    ADD CONSTRAINT django_admin_content_type_id_c4bce8eb_fk_django_content_type_id FOREIGN KEY (content_type_id) REFERENCES django_content_type(id) DEFERRABLE INITIALLY DEFERRED;


--
-- Name: django_admin_log_user_id_c564eba6_fk_auth_user_id; Type: FK CONSTRAINT; Schema: public; Owner: postgres
--

ALTER TABLE ONLY django_admin_log
    ADD CONSTRAINT django_admin_log_user_id_c564eba6_fk_auth_user_id FOREIGN KEY (user_id) REFERENCES auth_user(id) DEFERRABLE INITIALLY DEFERRED;


--
-- Name: public; Type: ACL; Schema: -; Owner: postgres
--

REVOKE ALL ON SCHEMA public FROM PUBLIC;
REVOKE ALL ON SCHEMA public FROM postgres;
GRANT ALL ON SCHEMA public TO postgres;
GRANT ALL ON SCHEMA public TO PUBLIC;


--
-- PostgreSQL database dump complete
--

